month,weekd_count,days_count,weekday_active,weekday_inactive,weekend_active,weekend_inactive,friday_off_active,friday_off_inactive
10,5,31,0,20,0,9,0,2
11,5,30,0,19,0,9,0,2
12,5,31,0,21,0,8,0,2
1,6,31,18,0,10,0,3,0
2,5,28,18,0,8,0,2,0
3,5,31,21,0,8,0,2,0
4,5,30,20,0,8,0,2,0
5,6,31,19,0,10,0,2,0
6,5,30,20,0,8,0,2,0
7,5,31,19,0,9,0,3,0
8,5,31,20,0,9,0,2,0
9,5,30,20,0,8,0,2,0
